{
    "model_version": "20250317_001506_mlp",
    "model_type": "mlp",
    "model_name": "Neural Network (MLP)",
    "training_date": "2025-03-17T00:15:06.668025",
    "accuracy": 0.9,
    "classification_report": {
        "High": {
            "precision": 0.8813559322033898,
            "recall": 0.8524590163934426,
            "f1-score": 0.8666666666666667,
            "support": 61.0
        },
        "Low": {
            "precision": 0.9272727272727272,
            "recall": 0.85,
            "f1-score": 0.8869565217391304,
            "support": 60.0
        },
        "Medium": {
            "precision": 0.8953488372093024,
            "recall": 0.9746835443037974,
            "f1-score": 0.9333333333333333,
            "support": 79.0
        },
        "accuracy": 0.9,
        "macro avg": {
            "precision": 0.9013258322284731,
            "recall": 0.8923808535657467,
            "f1-score": 0.8956521739130435,
            "support": 200.0
        },
        "weighted avg": {
            "precision": 0.9006581682015264,
            "recall": 0.9,
            "f1-score": 0.8990869565217392,
            "support": 200.0
        }
    },
    "features": [
        "pulse_rate",
        "blood_pressure_sys",
        "resp_rate",
        "pupil_diameter_left",
        "pupil_diameter_right",
        "fixation_duration",
        "blink_rate",
        "gaze_x",
        "gaze_y",
        "theta_power"
    ],
    "parameters": {
        "test_size": 0.2,
        "random_seed": 45
    }
}