{
    "model_version": "20250317_001236_gb",
    "model_type": "gb",
    "model_name": "Gradient Boosting",
    "training_date": "2025-03-17T00:12:36.784537",
    "accuracy": 0.845,
    "classification_report": {
        "High": {
            "precision": 0.8245614035087719,
            "recall": 0.7833333333333333,
            "f1-score": 0.8034188034188035,
            "support": 60.0
        },
        "Low": {
            "precision": 0.84375,
            "recall": 0.9,
            "f1-score": 0.8709677419354839,
            "support": 60.0
        },
        "Medium": {
            "precision": 0.8607594936708861,
            "recall": 0.85,
            "f1-score": 0.8553459119496856,
            "support": 80.0
        },
        "accuracy": 0.845,
        "macro avg": {
            "precision": 0.8430236323932193,
            "recall": 0.8444444444444444,
            "f1-score": 0.8432441524346576,
            "support": 200.0
        },
        "weighted avg": {
            "precision": 0.8447972185209861,
            "recall": 0.845,
            "f1-score": 0.8444543283861603,
            "support": 200.0
        }
    },
    "features": [
        "pulse_rate",
        "blood_pressure_sys",
        "resp_rate",
        "pupil_diameter_left",
        "pupil_diameter_right",
        "fixation_duration",
        "blink_rate",
        "gaze_x",
        "gaze_y",
        "theta_power"
    ],
    "parameters": {
        "test_size": 0.2,
        "random_seed": 44
    }
}